topic_no,topic_words,word_weights
0,"ceca,pap,vote,singaporean,singapore,government,citizen,need,come,opposition,party,parliament,debate,abolish,lim_tean,thank,new,support,general_election,way,change,election,job,right,hope,country,minister,lose,look,ask","0.0995342548076923,0.08826622596153846,0.080078125,0.07113882211538461,0.046950120192307696,0.04326923076923077,0.03590745192307692,0.034555288461538464,0.03387920673076923,0.03365384615384615,0.029972956730769232,0.027493990384615384,0.02696814903846154,0.025315504807692308,0.024864783653846152,0.023662860576923076,0.0224609375,0.022235576923076924,0.021334134615384616,0.020958533653846152,0.020808293269230768,0.020733173076923076,0.020357572115384616,0.020057091346153848,0.01990685096153846,0.01893028846153846,0.018479567307692308,0.016751802884615384,0.016376201923076924,0.015099158653846154"
1,"singapore,india,indian,come,ceca,country,covid,singaporean,virus,china,case,government,need,pap,local,fake,tell,import,world,stop,work,look,citizen,new,racist,happen,right,ban,ask,flight","0.11366348448687351,0.10540970564836913,0.0663285600636436,0.06195306284805092,0.061256961018297536,0.05369928400954654,0.038285600636435956,0.03450676213206046,0.030429594272076373,0.0293357199681782,0.028042959427207637,0.02724741447891806,0.026352426412092282,0.02386634844868735,0.022871917263325377,0.0219769291964996,0.021479713603818614,0.020684168655529037,0.019789180588703263,0.019590294351630868,0.01909307875894988,0.0183969769291965,0.018297533810660304,0.01809864757358791,0.017501988862370723,0.017104216388225936,0.01660700079554495,0.016308671439936355,0.015910898965791568,0.015910898965791568"
2,"singapore,singaporean,ceca,job,government,india,country,indian,local,work,need,citizen,come,pap,foreigner,pay,foreign,free_trade,company,look,high,world,money,new,way,policy,benefit,minister,right,issue","0.0875948208213445,0.07461417734763275,0.0738294533089197,0.06333376929113262,0.050582003662045516,0.04904525241956579,0.045677478420088936,0.04165576772168454,0.040119016479204815,0.03776484436306565,0.03537797541198012,0.03361234632487575,0.032893015956055455,0.030440753335077165,0.029590635626471358,0.02573240910279885,0.021906879414072718,0.020762490190949515,0.020631702851164006,0.019846978812450955,0.019650797802772693,0.01860449908448862,0.016904263667277007,0.016675385822652367,0.016479204812974105,0.015988752288778448,0.015988752288778448,0.01500784724038713,0.014909756735547999,0.01477896939576249"
